abort,a,b,o,r,t
accis,a,c,c,i,s
adept,a,d,e,p,t
adlar,a,d,l,a,r
afasi,a,f,a,s,i
affär,a,f,f,ä,r
afton,a,f,t,o,n
agent,a,g,e,n,t
agnar,a,g,n,a,r
ajöss,a,j,ö,s,s
akryl,a,k,r,y,l
aktar,a,k,t,a,r
akter,a,k,t,e,r
aktie,a,k,t,i,e
aktiv,a,k,t,i,v
aktör,a,k,t,ö,r
alarm,a,l,a,r,m
alban,a,l,b,a,n
album,a,l,b,u,m
alert,a,l,e,r,t
alias,a,l,i,a,s
alibi,a,l,i,b,i
alika,a,l,i,k,a
alkov,a,l,k,o,v
allra,a,l,l,r,a
alpin,a,l,p,i,n
altan,a,l,t,a,n
ammar,a,m,m,a,r
ampel,a,m,p,e,l
anbud,a,n,b,u,d
andan,a,n,d,a,n
andas,a,n,d,a,s
andel,a,n,d,e,l
andra,a,n,d,r,a
anemi,a,n,e,m,i
anför,a,n,f,ö,r
angav,a,n,g,a,v
anger,a,n,g,e,r
angår,a,n,g,å,r
angör,a,n,g,ö,r
aning,a,n,i,n,g
ankar,a,n,k,a,r
ankel,a,n,k,e,l
anlag,a,n,l,a,g
annan,a,n,n,a,n
annex,a,n,n,e,x
anrik,a,n,r,i,k
ansar,a,n,s,a,r
anser,a,n,s,e,r
anstå,a,n,s,t,å
ansåg,a,n,s,å,g
antal,a,n,t,a,l
antar,a,n,t,a,r
antik,a,n,t,i,k
antog,a,n,t,o,g
aorta,a,o,r,t,a
apart,a,p,a,r,t
apati,a,p,a,t,i
april,a,p,r,i,l
aptit,a,p,t,i,t
areal,a,r,e,a,l
arena,a,r,e,n,a
arkad,a,r,k,a,d
arkiv,a,r,k,i,v
armod,a,r,m,o,d
arsel,a,r,s,e,l
arsle,a,r,s,l,e
artig,a,r,t,i,g
arton,a,r,t,o,n
artär,a,r,t,ä,r
asiat,a,s,i,a,t
askar,a,s,k,a,r
asket,a,s,k,e,t
aster,a,s,t,e,r
astma,a,s,t,m,a
atlas,a,t,l,a,s
atlet,a,t,l,e,t
avart,a,v,a,r,t
avbön,a,v,b,ö,n
aveny,a,v,e,n,y
avgas,a,v,g,a,s
avger,a,v,g,e,r
avgår,a,v,g,å,r
avgör,a,v,g,ö,r
avlar,a,v,l,a,r
avlat,a,v,l,a,t
avled,a,v,l,e,d
avser,a,v,s,e,r
avsky,a,v,s,k,y
avsåg,a,v,s,å,g
avtal,a,v,t,a,l
avtar,a,v,t,a,r
avund,a,v,u,n,d
axiom,a,x,i,o,m
axlar,a,x,l,a,r
backe,b,a,c,k,e
bacon,b,a,c,o,n
badar,b,a,d,a,r
bagge,b,a,g,g,e
bakar,b,a,k,a,r
bakom,b,a,k,o,m
bakre,b,a,k,r,e
bakåt,b,a,k,å,t
balja,b,a,l,j,a
bambu,b,a,m,b,u
banal,b,a,n,a,l
banan,b,a,n,a,n
banar,b,a,n,a,r
bandy,b,a,n,d,y
baner,b,a,n,e,r
baron,b,a,r,o,n
barsk,b,a,r,s,k
basar,b,a,s,a,r
basis,b,a,s,i,s
basta,b,a,s,t,a
bastu,b,a,s,t,u
basun,b,a,s,u,n
batik,b,a,t,i,k
bebor,b,e,b,o,r
beder,b,e,d,e,r
befäl,b,e,f,ä,l
begår,b,e,g,å,r
begär,b,e,g,ä,r
behag,b,e,h,a,g
behov,b,e,h,o,v
beige,b,e,i,g,e
benar,b,e,n,a,r
benig,b,e,n,i,g
berså,b,e,r,s,å
beröm,b,e,r,ö,m
berör,b,e,r,ö,r
besök,b,e,s,ö,k
betar,b,e,t,a,r
betyg,b,e,t,y,g
bevis,b,e,v,i,s
bevåg,b,e,v,å,g
bibel,b,i,b,e,l
bidar,b,i,d,a,r
bilar,b,i,l,a,r
binda,b,i,n,d,a
binge,b,i,n,g,e
bingo,b,i,n,g,o
binär,b,i,n,ä,r
bisak,b,i,s,a,k
biter,b,i,t,e,r
bitsk,b,i,t,s,k
bitti,b,i,t,t,i
björk,b,j,ö,r,k
björn,b,j,ö,r,n
black,b,l,a,c,k
bland,b,l,a,n,d
blank,b,l,a,n,k
blasé,b,l,a,s,é
blask,b,l,a,s,k
blast,b,l,a,s,t
bleck,b,l,e,c,k
blick,b,l,i,c,k
blind,b,l,i,n,d
blixt,b,l,i,x,t
block,b,l,o,c,k
blond,b,l,o,n,d
bloss,b,l,o,s,s
blott,b,l,o,t,t
blues,b,l,u,e,s
bluff,b,l,u,f,f
blund,b,l,u,n,d
blygd,b,l,y,g,d
blåsa,b,l,å,s,a
blåst,b,l,å,s,t
bläck,b,l,ä,c,k
blöja,b,l,ö,j,a
blöta,b,l,ö,t,a
bobin,b,o,b,i,n
boett,b,o,e,t,t
bohag,b,o,h,a,g
bohem,b,o,h,e,m
bokar,b,o,k,a,r
bolag,b,o,l,a,g
bonad,b,o,n,a,d
bonar,b,o,n,a,r
bonde,b,o,n,d,e
bonus,b,o,n,u,s
boots,b,o,o,t,s
borde,b,o,r,d,e
boren,b,o,r,e,n
borst,b,o,r,s,t
borta,b,o,r,t,a
botar,b,o,t,a,r
boxas,b,o,x,a,s
bragd,b,r,a,g,d
brand,b,r,a,n,d
brann,b,r,a,n,n
brant,b,r,a,n,t
brasa,b,r,a,s,a
brass,b,r,a,s,s
brast,b,r,a,s,t
bravo,b,r,a,v,o
bredd,b,r,e,d,d
brink,b,r,i,n,k
brist,b,r,i,s,t
brits,b,r,i,t,s
britt,b,r,i,t,t
broms,b,r,o,m,s
brons,b,r,o,n,s
brosk,b,r,o,s,k
brott,b,r,o,t,t
brunn,b,r,u,n,n
brygd,b,r,y,g,d
bryne,b,r,y,n,e
brysk,b,r,y,s,k
bråck,b,r,å,c,k
bråte,b,r,å,t,e
bräda,b,r,ä,d,a
brädd,b,r,ä,d,d
bräde,b,r,ä,d,e
bränd,b,r,ä,n,d
bröst,b,r,ö,s,t
buffé,b,u,f,f,é
bukig,b,u,k,i,g
bulla,b,u,l,l,a
bulle,b,u,l,l,e
bunke,b,u,n,k,e
burit,b,u,r,i,t
busar,b,u,s,a,r
busig,b,u,s,i,g
buske,b,u,s,k,e
butik,b,u,t,i,k
byffé,b,y,f,f,é
bygel,b,y,g,e,l
bygge,b,y,g,g,e
bylte,b,y,l,t,e
byter,b,y,t,e,r
bådar,b,å,d,a,r
bäbis,b,ä,b,i,s
bägge,b,ä,g,g,e
bälte,b,ä,l,t,e
bärsa,b,ä,r,s,a
bävan,b,ä,v,a,n
bävar,b,ä,v,a,r
bäver,b,ä,v,e,r
bödel,b,ö,d,e,l
böjer,b,ö,j,e,r
bökar,b,ö,k,a,r
bökig,b,ö,k,i,g
bölar,b,ö,l,a,r
bölja,b,ö,l,j,a
bönar,b,ö,n,a,r
börda,b,ö,r,d,a
bössa,b,ö,s,s,a
bötar,b,ö,t,a,r
böter,b,ö,t,e,r
bövel,b,ö,v,e,l
cello,c,e,l,l,o
cerat,c,e,r,a,t
chans,c,h,a,n,s
chark,c,h,a,r,k
charm,c,h,a,r,m
check,c,h,e,c,k
chips,c,h,i,p,s
chock,c,h,o,c,k
choke,c,h,o,k,e
cider,c,i,d,e,r
cirka,c,i,r,k,a
citat,c,i,t,a,t
civil,c,i,v,i,l
clips,c,l,i,p,s
clown,c,l,o,w,n
crawl,c,r,a,w,l
credo,c,r,e,d,o
crêpe,c,r,ê,p,e
curry,c,u,r,r,y
cykel,c,y,k,e,l
cysta,c,y,s,t,a
d v s,d, ,v, ,s
dadel,d,a,d,e,l
dagas,d,a,g,a,s
dager,d,a,g,e,r
dagis,d,a,g,i,s
dalar,d,a,l,a,r
danar,d,a,n,a,r
dansk,d,a,n,s,k
dator,d,a,t,o,r
datum,d,a,t,u,m
debet,d,e,b,e,t
debut,d,e,b,u,t
degar,d,e,g,a,r
degel,d,e,g,e,l
dekal,d,e,k,a,l
dekis,d,e,k,i,s
dekor,d,e,k,o,r
delar,d,e,l,a,r
delta,d,e,l,t,a
demon,d,e,m,o,n
denim,d,e,n,i,m
denna,d,e,n,n,a
deras,d,e,r,a,s
dessa,d,e,s,s,a
desto,d,e,s,t,o
detta,d,e,t,t,a
devis,d,e,v,i,s
diger,d,i,g,e,r
dille,d,i,l,l,e
dimma,d,i,m,m,a
disko,d,i,s,k,o
disig,d,i,s,i,g
ditåt,d,i,t,å,t
divan,d,i,v,a,n
djupt,d,j,u,p,t
djärv,d,j,ä,r,v
docka,d,o,c,k,a
dolde,d,o,l,d,e
domän,d,o,m,ä,n
dopar,d,o,p,a,r
drack,d,r,a,c,k
dragg,d,r,a,g,g
drake,d,r,a,k,e
drama,d,r,a,m,a
dress,d,r,e,s,s
drift,d,r,i,f,t
drill,d,r,i,l,l
drink,d,r,i,n,k
driva,d,r,i,v,a
drive,d,r,i,v,e
dropp,d,r,o,p,p
druva,d,r,u,v,a
dryck,d,r,y,c,k
drygt,d,r,y,g,t
dräkt,d,r,ä,k,t
dräng,d,r,ä,n,g
duell,d,u,e,l,l
duett,d,u,e,t,t
duger,d,u,g,e,r
dukar,d,u,k,a,r
dunge,d,u,n,g,e
dusch,d,u,s,c,h
dvala,d,v,a,l,a
dvärg,d,v,ä,r,g
dyker,d,y,k,e,r
dylik,d,y,l,i,k
dynga,d,y,n,g,a
dålig,d,å,l,i,g
dånar,d,å,n,a,r
dåsar,d,å,s,a,r
dåsig,d,å,s,i,g
däran,d,ä,r,a,n
därom,d,ä,r,o,m
därpå,d,ä,r,p,å
däven,d,ä,v,e,n
dödar,d,ö,d,a,r
dömer,d,ö,m,e,r
döper,d,ö,p,e,r
efter,e,f,t,e,r
eggar,e,g,g,a,r
ejder,e,j,d,e,r
eksem,e,k,s,e,m
eldar,e,l,d,a,r
elfte,e,l,f,t,e
eller,e,l,l,e,r
eloge,e,l,o,g,e
emalj,e,m,a,l,j
enhet,e,n,h,e,t
enkel,e,n,k,e,l
enkät,e,n,k,ä,t
enorm,e,n,o,r,m
enrum,e,n,r,u,m
ensak,e,n,s,a,k
ensam,e,n,s,a,m
entré,e,n,t,r,é
envar,e,n,v,a,r
envis,e,n,v,i,s
enzym,e,n,z,y,m
episk,e,p,i,s,k
erfar,e,r,f,a,r
etapp,e,t,a,p,p
etisk,e,t,i,s,k
etsar,e,t,s,a,r
exakt,e,x,a,k,t
extas,e,x,t,a,s
extra,e,x,t,r,a
fabel,f,a,b,e,l
facit,f,a,c,i,t
fader,f,a,d,e,r
fadäs,f,a,d,ä,s
fager,f,a,g,e,r
fakta,f,a,k,t,a
falsk,f,a,l,s,k
famös,f,a,m,ö,s
fanér,f,a,n,é,r
fanns,f,a,n,n,s
farin,f,a,r,i,n
farit,f,a,r,i,t
farsa,f,a,r,s,a
fasad,f,a,s,a,d
fasan,f,a,s,a,n
fasar,f,a,s,a,r
fason,f,a,s,o,n
fasta,f,a,s,t,a
fatal,f,a,t,a,l
fauna,f,a,u,n,a
favör,f,a,v,ö,r
feber,f,e,b,e,r
fejar,f,e,j,a,r
felar,f,e,l,a,r
femma,f,e,m,m,a
femte,f,e,m,t,e
ferie,f,e,r,i,e
fetma,f,e,t,m,a
fiber,f,i,b,e,r
ficka,f,i,c,k,a
figur,f,i,g,u,r
fikar,f,i,k,a,r
fikon,f,i,k,o,n
fikus,f,i,k,u,s
filar,f,i,l,a,r
filur,f,i,l,u,r
final,f,i,n,a,l
finka,f,i,n,k,a
finne,f,i,n,n,e
finns,f,i,n,n,s
finsk,f,i,n,s,k
firar,f,i,r,a,r
firma,f,i,r,m,a
fiser,f,i,s,e,r
fiske,f,i,s,k,e
fixar,f,i,x,a,r
fjant,f,j,a,n,t
fjord,f,j,o,r,d
fjäll,f,j,ä,l,l
fjärd,f,j,ä,r,d
fjärt,f,j,ä,r,t
fjäsk,f,j,ä,s,k
flabb,f,l,a,b,b
flack,f,l,a,c,k
flaga,f,l,a,g,a
flagg,f,l,a,g,g
flera,f,l,e,r,a
flink,f,l,i,n,k
flint,f,l,i,n,t
flirt,f,l,i,r,t
flisa,f,l,i,s,a
flock,f,l,o,c,k
flora,f,l,o,r,a
flott,f,l,o,t,t
fluga,f,l,u,g,a
fluor,f,l,u,o,r
flykt,f,l,y,k,t
fläck,f,l,ä,c,k
fläkt,f,l,ä,k,t
fläng,f,l,ä,n,g
flärd,f,l,ä,r,d
fläsk,f,l,ä,s,k
fläta,f,l,ä,t,a
flöde,f,l,ö,d,e
flöjt,f,l,ö,j,t
flört,f,l,ö,r,t
flöte,f,l,ö,t,e
fnask,f,n,a,s,k
fnatt,f,n,a,t,t
foajé,f,o,a,j,é
foder,f,o,d,e,r
fogar,f,o,g,a,r
fogde,f,o,g,d,e
fokus,f,o,k,u,s
folie,f,o,l,i,e
forum,f,o,r,u,m
fotar,f,o,t,a,r
frack,f,r,a,c,k
frakt,f,r,a,k,t
frank,f,r,a,n,k
frans,f,r,a,n,s
friar,f,r,i,a,r
frisk,f,r,i,s,k
frist,f,r,i,s,t
front,f,r,o,n,t
frost,f,r,o,s,t
fruga,f,r,u,g,a
frukt,f,r,u,k,t
fråga,f,r,å,g,a
fräck,f,r,ä,c,k
fröjd,f,r,ö,j,d
fullo,f,u,l,l,o
furir,f,u,r,i,r
fylla,f,y,l,l,a
fylld,f,y,l,l,d
fyllo,f,y,l,l,o
fysik,f,y,s,i,k
fågel,f,å,g,e,l
fånga,f,å,n,g,a
fånge,f,å,n,g,e
fånig,f,å,n,i,g
fåtal,f,å,t,a,l
fälla,f,ä,l,l,a
färde,f,ä,r,d,e
färja,f,ä,r,j,a
färre,f,ä,r,r,e
färsk,f,ä,r,s,k
fäste,f,ä,s,t,e
föder,f,ö,d,e,r
följd,f,ö,l,j,d
följe,f,ö,l,j,e
förbi,f,ö,r,b,i
förra,f,ö,r,r,a
först,f,ö,r,s,t
förti,f,ö,r,t,i
förut,f,ö,r,u,t
föser,f,ö,s,e,r
gagna,g,a,g,n,a
galax,g,a,l,a,x
galen,g,a,l,e,n
galge,g,a,l,g,e
galla,g,a,l,l,a
galär,g,a,l,ä,r
gapar,g,a,p,a,r
garde,g,a,r,d,e
gasol,g,a,s,o,l
gavel,g,a,v,e,l
gebit,g,e,b,i,t
gehör,g,e,h,ö,r
gemen,g,e,m,e,n
gemål,g,e,m,å,l
genom,g,e,n,o,m
genre,g,e,n,r,e
genus,g,e,n,u,s
getto,g,e,t,t,o
gevär,g,e,v,ä,r
gifte,g,i,f,t,e
ginst,g,i,n,s,t
girar,g,i,r,a,r
girig,g,i,r,i,g
given,g,i,v,e,n
giver,g,i,v,e,r
givit,g,i,v,i,t
gjort,g,j,o,r,t
glans,g,l,a,n,s
glapp,g,l,a,p,p
glass,g,l,a,s,s
glatt,g,l,a,t,t
glimt,g,l,i,m,t
glosa,g,l,o,s,a
glugg,g,l,u,g,g
glänt,g,l,ä,n,t
glögg,g,l,ö,g,g
gnabb,g,n,a,b,b
gnäll,g,n,ä,l,l
godis,g,o,d,i,s
gosig,g,o,s,i,g
gosse,g,o,s,s,e
grabb,g,r,a,b,b
grann,g,r,a,n,n
grepp,g,r,e,p,p
greve,g,r,e,v,e
grill,g,r,i,l,l
grind,g,r,i,n,d
groda,g,r,o,d,a
grodd,g,r,o,d,d
grogg,g,r,o,g,g
groll,g,r,o,l,l
grund,g,r,u,n,d
grupp,g,r,u,p,p
gruva,g,r,u,v,a
gryta,g,r,y,t,a
gräll,g,r,ä,l,l
gränd,g,r,ä,n,d
gräns,g,r,ä,n,s
gröda,g,r,ö,d,a
gubbe,g,u,b,b,e
guide,g,u,i,d,e
gumma,g,u,m,m,a
gummi,g,u,m,m,i
gunga,g,u,n,g,a
gunst,g,u,n,s,t
gurka,g,u,r,k,a
gädda,g,ä,d,d,a
gälar,g,ä,l,a,r
gänga,g,ä,n,g,a
gärde,g,ä,r,d,e
gärna,g,ä,r,n,a
göder,g,ö,d,e,r
habil,h,a,b,i,l
hacka,h,a,c,k,a
hagel,h,a,g,e,l
hagga,h,a,g,g,a
hajar,h,a,j,a,r
halar,h,a,l,a,r
halka,h,a,l,k,a
hallå,h,a,l,l,å
halva,h,a,l,v,a
halvö,h,a,l,v,ö
hambo,h,a,m,b,o
hanne,h,a,n,n,e
harem,h,a,r,e,m
harpa,h,a,r,p,a
hasar,h,a,s,a,r
hasch,h,a,s,c,h
hatar,h,a,t,a,r
havre,h,a,v,r,e
heder,h,e,d,e,r
hejar,h,e,j,a,r
hekto,h,e,k,t,o
helig,h,e,l,i,g
helst,h,e,l,s,t
hemma,h,e,m,m,a
hemsk,h,e,m,s,k
hemåt,h,e,m,å,t
henne,h,e,n,n,e
herde,h,e,r,d,e
herre,h,e,r,r,e
hetat,h,e,t,a,t
heter,h,e,t,e,r
hetta,h,e,t,t,a
hette,h,e,t,t,e
hicka,h,i,c,k,a
himla,h,i,m,l,a
hindu,h,i,n,d,u
hinna,h,i,n,n,a
hitom,h,i,t,o,m
hitre,h,i,t,r,e
hitåt,h,i,t,å,t
hjord,h,j,o,r,d
hjort,h,j,o,r,t
hjälm,h,j,ä,l,m
hjälp,h,j,ä,l,p
hobby,h,o,b,b,y
holme,h,o,l,m,e
honom,h,o,n,o,m
hosta,h,o,s,t,a
hotar,h,o,t,a,r
hugad,h,u,g,a,d
human,h,u,m,a,n
humla,h,u,m,l,a
humle,h,u,m,l,e
humor,h,u,m,o,r
humör,h,u,m,ö,r
hurra,h,u,r,r,a
hurså,h,u,r,s,å
hurts,h,u,r,t,s
husse,h,u,s,s,e
huvud,h,u,v,u,d
hydda,h,y,d,d,a
hyena,h,y,e,n,a
hygge,h,y,g,g,e
hylla,h,y,l,l,a
hylsa,h,y,l,s,a
hynda,h,y,n,d,a
hysch,h,y,s,c,h
hyser,h,y,s,e,r
hyska,h,y,s,k,a
hytta,h,y,t,t,a
hyvel,h,y,v,e,l
hågad,h,å,g,a,d
hånar,h,å,n,a,r
hårig,h,å,r,i,g
hädar,h,ä,d,a,r
häfta,h,ä,f,t,a
häfte,h,ä,f,t,e
häkte,h,ä,k,t,e
hälft,h,ä,l,f,t
hälsa,h,ä,l,s,a
hämnd,h,ä,m,n,d
hänge,h,ä,n,g,e
häpen,h,ä,p,e,n
härad,h,ä,r,a,d
härav,h,ä,r,a,v
härom,h,ä,r,o,m
härva,h,ä,r,v,a
hätsk,h,ä,t,s,k
hätta,h,ä,t,t,a
häver,h,ä,v,e,r
höger,h,ö,g,e,r
högre,h,ö,g,r,e
högst,h,ö,g,s,t
höjer,h,ö,j,e,r
hölje,h,ö,l,j,e
hörna,h,ö,r,n,a
i dag,i, ,d,a,g
ideal,i,d,e,a,l
idiom,i,d,i,o,m
idiot,i,d,i,o,t
idkar,i,d,k,a,r
idyll,i,d,y,l,l
ifall,i,f,a,l,l
ifatt,i,f,a,t,t
ifrån,i,f,r,å,n
igång,i,g,å,n,g
ihjäl,i,h,j,ä,l
ikapp,i,k,a,p,p
ilska,i,l,s,k,a
image,i,m,a,g,e
immig,i,m,m,i,g
immun,i,m,m,u,n
index,i,n,d,e,x
inför,i,n,f,ö,r
ingen,i,n,g,e,n
inger,i,n,g,e,r
inget,i,n,g,e,t
ingår,i,n,g,å,r
inköp,i,n,k,ö,p
innan,i,n,n,a,n
inser,i,n,s,e,r
insjö,i,n,s,j,ö
insyn,i,n,s,y,n
insåg,i,n,s,å,g
intar,i,n,t,a,r
intet,i,n,t,e,t
intim,i,n,t,i,m
intog,i,n,t,o,g
intyg,i,n,t,y,g
inuti,i,n,u,t,i
invid,i,n,v,i,d
invit,i,n,v,i,t
ironi,i,r,o,n,i
irrar,i,r,r,a,r
islam,i,s,l,a,m
ivrig,i,v,r,i,g
jacka,j,a,c,k,a
jagar,j,a,g,a,r
jakar,j,a,k,a,r
jamar,j,a,m,a,r
japan,j,a,p,a,n
jeans,j,e,a,n,s
jippo,j,i,p,p,o
joker,j,o,k,e,r
jolle,j,o,l,l,e
joule,j,o,u,l,e
joxar,j,o,x,a,r
jubel,j,u,b,e,l
juice,j,u,i,c,e
jumbo,j,u,m,b,o
jumpa,j,u,m,p,a
junta,j,u,n,t,a
juvel,j,u,v,e,l
juver,j,u,v,e,r
jycke,j,y,c,k,e
jäkel,j,ä,k,e,l
jäkla,j,ä,k,l,a
jämte,j,ä,m,t,e
jänta,j,ä,n,t,a
jäser,j,ä,s,e,r
jätte,j,ä,t,t,e
jävig,j,ä,v,i,g
jävla,j,ä,v,l,a
kabel,k,a,b,e,l
kabin,k,a,b,i,n
kaffe,k,a,f,f,e
kajak,k,a,j,a,k
kakao,k,a,k,a,o
kakel,k,a,k,e,l
kalas,k,a,l,a,s
kamel,k,a,m,e,l
kamin,k,a,m,i,n
kanal,k,a,n,a,l
kanar,k,a,n,a,r
kanel,k,a,n,e,l
kanin,k,a,n,i,n
kanna,k,a,n,n,a
kanon,k,a,n,o,n
kanot,k,a,n,o,t
kanyl,k,a,n,y,l
kapar,k,a,p,a,r
kappa,k,a,p,p,a
karat,k,a,r,a,t
karda,k,a,r,d,a
karré,k,a,r,r,é
karta,k,a,r,t,a
kassa,k,a,s,s,a
kasse,k,a,s,s,e
kavaj,k,a,v,a,j
kavat,k,a,v,a,t
kavel,k,a,v,e,l
kaxig,k,a,x,i,g
kedja,k,e,d,j,a
kelar,k,e,l,a,r
kikar,k,i,k,a,r
kilar,k,i,l,a,r
kille,k,i,l,l,e
kines,k,i,n,e,s
kiosk,k,i,o,s,k
kisar,k,i,s,a,r
kisel,k,i,s,e,l
kisse,k,i,s,s,e
kista,k,i,s,t,a
kivas,k,i,v,a,s
klack,k,l,a,c,k
kladd,k,l,a,d,d
klaff,k,l,a,f,f
klang,k,l,a,n,g
klant,k,l,a,n,t
klapp,k,l,a,p,p
klase,k,l,a,s,e
klass,k,l,a,s,s
klave,k,l,a,v,e
kliar,k,l,i,a,r
klick,k,l,i,c,k
klimp,k,l,i,m,p
klipp,k,l,i,p,p
kloak,k,l,o,a,k
kloss,k,l,o,s,s
klubb,k,l,u,b,b
klump,k,l,u,m,p
klunk,k,l,u,n,k
klyka,k,l,y,k,a
klåda,k,l,å,d,a
knall,k,n,a,l,l
knapp,k,n,a,p,p
knark,k,n,a,r,k
knekt,k,n,e,k,t
knipa,k,n,i,p,a
knoge,k,n,o,g,e
knopp,k,n,o,p,p
knorr,k,n,o,r,r
knota,k,n,o,t,a
knott,k,n,o,t,t
knuff,k,n,u,f,f
knyck,k,n,y,c,k
knyst,k,n,y,s,t
knyte,k,n,y,t,e
knäar,k,n,ä,a,r
knäck,k,n,ä,c,k
knäpp,k,n,ä,p,p
kobbe,k,o,b,b,e
kodar,k,o,d,a,r
kofot,k,o,f,o,t
kofta,k,o,f,t,a
kokar,k,o,k,a,r
kolik,k,o,l,i,k
kolja,k,o,l,j,a
kolli,k,o,l,l,i
kollo,k,o,l,l,o
kolon,k,o,l,o,n
komet,k,o,m,e,t
komma,k,o,m,m,a
konst,k,o,n,s,t
konto,k,o,n,t,o
kopia,k,o,p,i,a
korar,k,o,r,a,r
korta,k,o,r,t,a
kossa,k,o,s,s,a
kotte,k,o,t,t,e
kovan,k,o,v,a,n
kpist,k,p,i,s,t
krafs,k,r,a,f,s
kraft,k,r,a,f,t
krage,k,r,a,g,e
krake,k,r,a,k,e
kramp,k,r,a,m,p
krams,k,r,a,m,s
krans,k,r,a,n,s
krass,k,r,a,s,s
kreti,k,r,e,t,i
krets,k,r,e,t,s
kring,k,r,i,n,g
krita,k,r,i,t,a
kroat,k,r,o,a,t
krock,k,r,o,c,k
krona,k,r,o,n,a
kropp,k,r,o,p,p
kruka,k,r,u,k,a
krupp,k,r,u,p,p
kryss,k,r,y,s,s
kråka,k,r,å,k,a
kräks,k,r,ä,k,s
kräpp,k,r,ä,p,p
kuban,k,u,b,a,n
kudde,k,u,d,d,e
kugge,k,u,g,g,e
kulen,k,u,l,e,n
kulle,k,u,l,l,e
kulör,k,u,l,ö,r
kunde,k,u,n,d,e
kunna,k,u,n,n,a
kupol,k,u,p,o,l
kurir,k,u,r,i,r
kurra,k,u,r,r,a
kurva,k,u,r,v,a
kusin,k,u,s,i,n
kutar,k,u,t,a,r
kutym,k,u,t,y,m
kuvar,k,u,v,a,r
kuvös,k,u,v,ö,s
kvarg,k,v,a,r,g
kvark,k,v,a,r,k
kvarn,k,v,a,r,n
kvart,k,v,a,r,t
kvast,k,v,a,s,t
kvick,k,v,i,c,k
kviga,k,v,i,g,a
kvirr,k,v,i,r,r
kvist,k,v,i,s,t
kvitt,k,v,i,t,t
kväll,k,v,ä,l,l
kväve,k,v,ä,v,e
kvävs,k,v,ä,v,s
kyffe,k,y,f,f,e
kyler,k,y,l,e,r
kylig,k,y,l,i,g
kynne,k,y,n,n,e
kyrka,k,y,r,k,a
kåsör,k,å,s,ö,r
kägla,k,ä,g,l,a
käkar,k,ä,k,a,r
kälke,k,ä,l,k,e
källa,k,ä,l,l,a
kämpe,k,ä,m,p,e
kände,k,ä,n,d,e
känga,k,ä,n,g,a
känns,k,ä,n,n,s
kärna,k,ä,r,n,a
kärra,k,ä,r,r,a
kärve,k,ä,r,v,e
köper,k,ö,p,e,r
körde,k,ö,r,d,e
labil,l,a,b,i,l
lagar,l,a,g,a,r
lager,l,a,g,e,r
lagom,l,a,g,o,m
lakan,l,a,k,a,n
lampa,l,a,m,p,a
lapar,l,a,p,a,r
laser,l,a,s,e,r
lasso,l,a,s,s,o
later,l,a,t,e,r
latin,l,a,t,i,n
lavin,l,a,v,i,n
leder,l,e,d,e,r
ledig,l,e,d,i,g
legal,l,e,g,a,l
legat,l,e,g,a,t
lejer,l,e,j,e,r
lejon,l,e,j,o,n
leker,l,e,k,e,r
lekis,l,e,k,i,s
letar,l,e,t,a,r
levat,l,e,v,a,t
levde,l,e,v,d,e
lever,l,e,v,e,r
lider,l,i,d,e,r
likör,l,i,k,ö,r
lilja,l,i,l,j,a
lilla,l,i,l,l,a
limpa,l,i,m,p,a
linda,l,i,n,d,a
linje,l,i,n,j,e
linne,l,i,n,n,e
lipar,l,i,p,a,r
lirar,l,i,r,a,r
lista,l,i,s,t,a
liten,l,i,t,e,n
liter,l,i,t,e,r
litet,l,i,t,e,t
livad,l,i,v,a,d
ljung,l,j,u,n,g
lobby,l,o,b,b,y
logik,l,o,g,i,k
lojal,l,o,j,a,l
lokal,l,o,k,a,l
loppa,l,o,p,p,a
loska,l,o,s,k,a
lotta,l,o,t,t,a
lovar,l,o,v,a,r
lucia,l,u,c,i,a
lucka,l,u,c,k,a
luden,l,u,d,e,n
luder,l,u,d,e,r
lunch,l,u,n,c,h
lunga,l,u,n,g,a
lunta,l,u,n,t,a
lurar,l,u,r,a,r
lurig,l,u,r,i,g
lusta,l,u,s,t,a
lutar,l,u,t,a,r
lycka,l,y,c,k,a
lydde,l,y,d,d,e
lyder,l,y,d,e,r
lydig,l,y,d,i,g
lykta,l,y,k,t,a
lymfa,l,y,m,f,a
lynne,l,y,n,n,e
lyrik,l,y,r,i,k
lyser,l,y,s,e,r
lånar,l,å,n,a,r
långt,l,å,n,g,t
låser,l,å,s,e,r
låter,l,å,t,e,r
läcka,l,ä,c,k,a
läder,l,ä,d,e,r
läger,l,ä,g,e,r
lägre,l,ä,g,r,e
lägst,l,ä,g,s,t
läker,l,ä,k,e,r
länga,l,ä,n,g,a
längd,l,ä,n,g,d
länge,l,ä,n,g,e
längs,l,ä,n,g,s
lärka,l,ä,r,k,a
läser,l,ä,s,e,r
läsår,l,ä,s,å,r
löder,l,ö,d,e,r
löfte,l,ö,f,t,e
lömsk,l,ö,m,s,k
löper,l,ö,p,e,r
lösen,l,ö,s,e,n
löser,l,ö,s,e,r
macka,m,a,c,k,a
mager,m,a,g,e,r
maj:t,m,a,j,:,t
major,m,a,j,o,r
makar,m,a,k,a,r
malaj,m,a,l,a,j
malör,m,a,l,ö,r
mamma,m,a,m,m,a
manar,m,a,n,a,r
maner,m,a,n,e,r
manet,m,a,n,e,t
manna,m,a,n,n,a
manus,m,a,n,u,s
marig,m,a,r,i,g
marin,m,a,r,i,n
maska,m,a,s,k,a
massa,m,a,s,s,a
matar,m,a,t,a,r
match,m,a,t,c,h
matta,m,a,t,t,a
matte,m,a,t,t,e
medan,m,e,d,a,n
medel,m,e,d,e,l
mejar,m,e,j,a,r
mekar,m,e,k,a,r
melon,m,e,l,o,n
menar,m,e,n,a,r
mened,m,e,n,e,d
menig,m,e,n,i,g
merit,m,e,r,i,t
mesta,m,e,s,t,a
metar,m,e,t,a,r
meter,m,e,t,e,r
metod,m,e,t,o,d
midja,m,i,d,j,a
miljö,m,i,l,j,ö
mimik,m,i,m,i,k
minne,m,i,n,n,e
minns,m,i,n,n,s
minst,m,i,n,s,t
minus,m,i,n,u,s
minut,m,i,n,u,t
miste,m,i,s,t,e
misär,m,i,s,ä,r
mixer,m,i,x,e,r
mjugg,m,j,u,g,g
mjäll,m,j,ä,l,l
mjölk,m,j,ö,l,k
mocka,m,o,c,k,a
modem,m,o,d,e,m
moder,m,o,d,e,r
modig,m,o,d,i,g
modul,m,o,d,u,l
mogen,m,o,g,e,n
molar,m,o,l,a,r
moped,m,o,p,e,d
moral,m,o,r,a,l
morot,m,o,r,o,t
morsa,m,o,r,s,a
morse,m,o,r,s,e
morsk,m,o,r,s,k
mosar,m,o,s,a,r
moské,m,o,s,k,é
mossa,m,o,s,s,a
mosse,m,o,s,s,e
motar,m,o,t,a,r
motiv,m,o,t,i,v
motor,m,o,t,o,r
motto,m,o,t,t,o
mulen,m,u,l,e,n
mumie,m,u,m,i,e
murar,m,u,r,a,r
musik,m,u,s,i,k
mutar,m,u,t,a,r
mygel,m,y,g,e,l
mygga,m,y,g,g,a
mylla,m,y,l,l,a
mynta,m,y,n,t,a
myser,m,y,s,e,r
mysig,m,y,s,i,g
mysli,m,y,s,l,i
målar,m,å,l,a,r
månad,m,å,n,a,d
månde,m,å,n,d,e
många,m,å,n,g,a
månne,m,å,n,n,e
måste,m,å,s,t,e
måtta,m,å,t,t,a
måtte,m,å,t,t,e
måtto,m,å,t,t,o
mäkta,m,ä,k,t,a
mängd,m,ä,n,g,d
märke,m,ä,r,k,e
mässa,m,ä,s,s,a
mäter,m,ä,t,e,r
möbel,m,ö,b,e,l
mögel,m,ö,g,e,l
mössa,m,ö,s,s,a
möter,m,ö,t,e,r
nacke,n,a,c,k,e
nagel,n,a,g,e,l
naken,n,a,k,e,n
nalle,n,a,l,l,e
namne,n,a,m,n,e
nappa,n,a,p,p,a
narig,n,a,r,i,g
nasal,n,a,s,a,l
nasse,n,a,s,s,e
natur,n,a,t,u,r
navel,n,a,v,e,l
nedan,n,e,d,a,n
nedre,n,e,d,r,e
nedåt,n,e,d,å,t
neger,n,e,g,e,r
nekar,n,e,k,a,r
netto,n,e,t,t,o
niger,n,i,g,e,r
nisch,n,i,s,c,h
nisse,n,i,s,s,e
njure,n,j,u,r,e
nolla,n,o,l,l,a
nomad,n,o,m,a,d
norsk,n,o,r,s,k
nosar,n,o,s,a,r
notam,n,o,t,a,m
notis,n,o,t,i,s
novis,n,o,v,i,s
nubbe,n,u,b,b,e
nucka,n,u,c,k,a
nunna,n,u,n,n,a
nupit,n,u,p,i,t
nyans,n,y,a,n,s
nyhet,n,y,h,e,t
nylle,n,y,l,l,e
nylon,n,y,l,o,n
nyper,n,y,p,e,r
nypon,n,y,p,o,n
nyser,n,y,s,e,r
nytta,n,y,t,t,a
nyval,n,y,v,a,l
nådde,n,å,d,d,e
nådig,n,å,d,i,g
något,n,å,g,o,t
några,n,å,g,r,a
nåväl,n,å,v,ä,l
nämen,n,ä,m,e,n
nämnd,n,ä,m,n,d
näpen,n,ä,p,e,n
näppe,n,ä,p,p,e
närke,n,ä,r,k,e
nästa,n,ä,s,t,a
näste,n,ä,s,t,e
nödig,n,ö,d,i,g
nöter,n,ö,t,e,r
oanad,o,a,n,a,d
oblat,o,b,l,a,t
oblid,o,b,l,i,d
oblyg,o,b,l,y,g
obygd,o,b,y,g,d
ocean,o,c,e,a,n
ocker,o,c,k,e,r
också,o,c,k,s,å
odjur,o,d,j,u,r
odlar,o,d,l,a,r
odåga,o,d,å,g,a
oenig,o,e,n,i,g
oense,o,e,n,s,e
offer,o,f,f,e,r
ogift,o,g,i,f,t
ogräs,o,g,r,ä,s
ohyra,o,h,y,r,a
ojust,o,j,u,s,t
ojämn,o,j,ä,m,n
oklar,o,k,l,a,r
oktav,o,k,t,a,v
okänd,o,k,ä,n,d
olaga,o,l,a,g,a
olika,o,l,i,k,a
oljar,o,l,j,a,r
oljud,o,l,j,u,d
ollon,o,l,l,o,n
olust,o,l,u,s,t
olöst,o,l,ö,s,t
omaka,o,m,a,k,a
ombud,o,m,b,u,d
omger,o,m,g,e,r
omild,o,m,i,l,d
omval,o,m,v,a,l
omväg,o,m,v,ä,g
onani,o,n,a,n,i
opera,o,p,e,r,a
opium,o,p,i,u,m
optik,o,p,t,i,k
ordar,o,r,d,a,r
orden,o,r,d,e,n
order,o,r,d,e,r
oreda,o,r,e,d,a
organ,o,r,g,a,n
orgel,o,r,g,e,l
orgie,o,r,g,i,e
orkan,o,r,k,a,n
orkar,o,r,k,a,r
oroar,o,r,o,a,r
orsak,o,r,s,a,k
orätt,o,r,ä,t,t
orörd,o,r,ö,r,d
osagd,o,s,a,g,d
osams,o,s,a,m,s
osann,o,s,a,n,n
osund,o,s,u,n,d
otack,o,t,a,c,k
otakt,o,t,a,k,t
otalt,o,t,a,l,t
otukt,o,t,u,k,t
otäck,o,t,ä,c,k
ovana,o,v,a,n,a
oviss,o,v,i,s,s
oäkta,o,ä,k,t,a
oäven,o,ä,v,e,n
p g a,p, ,g, ,a
packe,p,a,c,k,e
padda,p,a,d,d,a
pajar,p,a,j,a,r
pajas,p,a,j,a,s
paket,p,a,k,e,t
panel,p,a,n,e,l
panik,p,a,n,i,k
panna,p,a,n,n,a
pappa,p,a,p,p,a
parad,p,a,r,a,d
parar,p,a,r,a,r
parti,p,a,r,t,i
party,p,a,r,t,y
passé,p,a,s,s,é
pasta,p,a,s,t,a
patos,p,a,t,o,s
pedal,p,e,d,a,l
pekar,p,e,k,a,r
penna,p,e,n,n,a
peruk,p,e,r,u,k
petar,p,e,t,a,r
petig,p,e,t,i,g
piano,p,i,a,n,o
pikar,p,i,k,a,r
piket,p,i,k,e,t
pilot,p,i,l,o,t
pinar,p,i,n,a,r
pinne,p,i,n,n,e
piper,p,i,p,e,r
pippi,p,i,p,p,i
pirat,p,i,r,a,t
pirog,p,i,r,o,g
piska,p,i,s,k,a
pizza,p,i,z,z,a
pjäxa,p,j,ä,x,a
plagg,p,l,a,g,g
plank,p,l,a,n,k
plask,p,l,a,s,k
plast,p,l,a,s,t
plats,p,l,a,t,s
platt,p,l,a,t,t
platå,p,l,a,t,å
plikt,p,l,i,k,t
pling,p,l,i,n,g
plomb,p,l,o,m,b
plugg,p,l,u,g,g
plump,p,l,u,m,p
plåga,p,l,å,g,a
plätt,p,l,ä,t,t
poesi,p,o,e,s,i
pojke,p,o,j,k,e
pokal,p,o,k,a,l
poker,p,o,k,e,r
polar,p,o,l,a,r
polio,p,o,l,i,o
polis,p,o,l,i,s
polka,p,o,l,k,a
polsk,p,o,l,s,k
pompa,p,o,m,p,a
ponke,p,o,n,k,e
ponny,p,o,n,n,y
porto,p,o,r,t,o
porös,p,o,r,ö,s
potta,p,o,t,t,a
poäng,p,o,ä,n,g
prakt,p,r,a,k,t
press,p,r,e,s,s
prick,p,r,i,c,k
prima,p,r,i,m,a
prins,p,r,i,n,s
propp,p,r,o,p,p
propå,p,r,o,p,å
prosa,p,r,o,s,a
prost,p,r,o,s,t
pryar,p,r,y,a,r
prång,p,r,å,n,g
pränt,p,r,ä,n,t
präst,p,r,ä,s,t
psalm,p,s,a,l,m
psyke,p,s,y,k,e
pudel,p,u,d,e,l
puder,p,u,d,e,r
pulka,p,u,l,k,a
pumpa,p,u,m,p,a
pumps,p,u,m,p,s
punkt,p,u,n,k,t
puppa,p,u,p,p,a
putar,p,u,t,a,r
pyser,p,y,s,e,r
pyton,p,y,t,o,n
påbrå,p,å,b,r,å
påbud,p,å,b,u,d
påför,p,å,f,ö,r
pågår,p,å,g,å,r
pålar,p,å,l,a,r
pålle,p,å,l,l,e
påtar,p,å,t,a,r
påtår,p,å,t,å,r
påver,p,å,v,e,r
påökt,p,å,ö,k,t
pärla,p,ä,r,l,a
päron,p,ä,r,o,n
pöbel,p,ö,b,e,l
pölsa,p,ö,l,s,a
pöser,p,ö,s,e,r
pösig,p,ö,s,i,g
racer,r,a,c,e,r
radar,r,a,d,a,r
radda,r,a,d,d,a
radie,r,a,d,i,e
radio,r,a,d,i,o
radon,r,a,d,o,n
rakar,r,a,k,a,r
raket,r,a,k,e,t
rally,r,a,l,l,y
ramsa,r,a,m,s,a
ranka,r,a,n,k,a
rapar,r,a,p,a,r
rasar,r,a,s,a,r
ratar,r,a,t,a,r
ravin,r,a,v,i,n
rebus,r,e,b,u,s
redan,r,e,d,a,n
reder,r,e,d,e,r
redig,r,e,d,i,g
reell,r,e,e,l,l
refug,r,e,f,u,g
regel,r,e,g,e,l
regim,r,e,g,i,m
rejäl,r,e,j,ä,l
rekyl,r,e,k,y,l
relik,r,e,l,i,k
remsa,r,e,m,s,a
renar,r,e,n,a,r
repar,r,e,p,a,r
repig,r,e,p,i,g
repro,r,e,p,r,o
reser,r,e,s,e,r
reson,r,e,s,o,n
resår,r,e,s,å,r
retar,r,e,t,a,r
retas,r,e,t,a,s
retur,r,e,t,u,r
revar,r,e,v,a,r
revir,r,e,v,i,r
ribba,r,i,b,b,a
rider,r,i,d,e,r
riffi,r,i,f,f,i
rigid,r,i,g,i,d
ringa,r,i,n,g,a
risig,r,i,s,i,g
rispa,r,i,s,p,a
ritar,r,i,t,a,r
rival,r,i,v,a,l
river,r,i,v,e,r
rivig,r,i,v,i,g
rivit,r,i,v,i,t
robot,r,o,b,o,t
rodde,r,o,d,d,e
rodel,r,o,d,e,l
roder,r,o,d,e,r
rolig,r,o,l,i,g
roman,r,o,m,a,n
ropar,r,o,p,a,r
rosar,r,o,s,a,r
rosig,r,o,s,i,g
rotar,r,o,t,a,r
rotel,r,o,t,e,l
rouge,r,o,u,g,e
rugge,r,u,g,g,e
rulle,r,u,l,l,e
rumba,r,u,m,b,a
rumpa,r,u,m,p,a
rumän,r,u,m,ä,n
runda,r,u,n,d,a
rusar,r,u,s,a,r
rusch,r,u,s,c,h
rusig,r,u,s,i,g
ruter,r,u,t,e,r
rutig,r,u,t,i,g
rutin,r,u,t,i,n
rutit,r,u,t,i,t
ruvar,r,u,v,a,r
ryker,r,y,k,e,r
rykte,r,y,k,t,e
rynka,r,y,n,k,a
ryser,r,y,s,e,r
ryska,r,y,s,k,a
ryter,r,y,t,e,r
råder,r,å,d,e,r
rådig,r,å,d,i,g
rågad,r,å,g,a,d
råkar,r,å,k,a,r
råmar,r,å,m,a,r
rånar,r,å,n,a,r
råris,r,å,r,i,s
råtta,r,å,t,t,a
räcka,r,ä,c,k,a
räcke,r,ä,c,k,e
räfsa,r,ä,f,s,a
räfst,r,ä,f,s,t
ränna,r,ä,n,n,a
ränta,r,ä,n,t,a
rätar,r,ä,t,a,r
rätta,r,ä,t,t,a
röjer,r,ö,j,e,r
röker,r,ö,k,e,r
rökig,r,ö,k,i,g
röner,r,ö,n,e,r
rörig,r,ö,r,i,g
rövar,r,ö,v,a,r
sabel,s,a,b,e,l
sabla,s,a,b,l,a
sadel,s,a,d,e,l
safir,s,a,f,i,r
sakta,s,a,k,t,a
saldo,s,a,l,d,o
salig,s,a,l,i,g
saliv,s,a,l,i,v
salut,s,a,l,u,t
salva,s,a,l,v,a
samba,s,a,m,b,a
sambo,s,a,m,b,o
samma,s,a,m,m,a
sankt,s,a,n,k,t
sanna,s,a,n,n,a
satan,s,a,t,a,n
satin,s,a,t,i,n
satir,s,a,t,i,r
satte,s,a,t,t,e
scarf,s,c,a,r,f
schah,s,c,h,a,h
schal,s,c,h,a,l
scout,s,c,o,u,t
seans,s,e,a,n,s
sebra,s,e,b,r,a
sedan,s,e,d,a,n
sedel,s,e,d,e,l
segel,s,e,g,e,l
seger,s,e,g,e,r
sekel,s,e,k,e,l
selar,s,e,l,a,r
semla,s,e,m,l,a
senap,s,e,n,a,p
senat,s,e,n,a,t
senig,s,e,n,i,g
senil,s,e,n,i,l
serie,s,e,r,i,e
serum,s,e,r,u,m
serve,s,e,r,v,e
sesam,s,e,s,a,m
sexig,s,e,x,i,g
shejk,s,h,e,j,k
siden,s,i,d,e,n
sikte,s,i,k,t,e
silar,s,i,l,a,r
silke,s,i,l,k,e
sinar,s,i,n,a,r
sinne,s,i,n,n,e
sinom,s,i,n,o,m
sippa,s,i,p,p,a
sirap,s,i,r,a,p
siren,s,i,r,e,n
sista,s,i,s,t,a
sjuka,s,j,u,k,a
sjyst,s,j,y,s,t
själv,s,j,ä,l,v
sjöng,s,j,ö,n,g
sjönk,s,j,ö,n,k
sjöss,s,j,ö,s,s
skabb,s,k,a,b,b
skada,s,k,a,d,a
skaft,s,k,a,f,t
skala,s,k,a,l,a
skald,s,k,a,l,d
skalk,s,k,a,l,k
skall,s,k,a,l,l
skalp,s,k,a,l,p
skalv,s,k,a,l,v
skans,s,k,a,n,s
skara,s,k,a,r,a
skare,s,k,a,r,e
skarf,s,k,a,r,f
skarp,s,k,a,r,p
skarv,s,k,a,r,v
skata,s,k,a,t,a
skatt,s,k,a,t,t
skede,s,k,e,d,e
skena,s,k,e,n,a
skepp,s,k,e,p,p
skett,s,k,e,t,t
skick,s,k,i,c,k
skida,s,k,i,d,a
skift,s,k,i,f,t
skikt,s,k,i,k,t
skild,s,k,i,l,d
skils,s,k,i,l,s
skilt,s,k,i,l,t
skinn,s,k,i,n,n
skiss,s,k,i,s,s
skiva,s,k,i,v,a
skjul,s,k,j,u,l
skock,s,k,o,c,k
skola,s,k,o,l,a
skolk,s,k,o,l,k
skopa,s,k,o,p,a
skorv,s,k,o,r,v
skott,s,k,o,t,t
skraj,s,k,r,a,j
skral,s,k,r,a,l
skred,s,k,r,e,d
skrek,s,k,r,e,k
skrev,s,k,r,e,v
skrik,s,k,r,i,k
skrin,s,k,r,i,n
skrot,s,k,r,o,t
skrov,s,k,r,o,v
skrud,s,k,r,u,d
skruv,s,k,r,u,v
skryt,s,k,r,y,t
skrål,s,k,r,å,l
skrän,s,k,r,ä,n
skräp,s,k,r,ä,p
skröt,s,k,r,ö,t
skuld,s,k,u,l,d
skull,s,k,u,l,l
skurk,s,k,u,r,k
skuta,s,k,u,t,a
skutt,s,k,u,t,t
skval,s,k,v,a,l
skydd,s,k,y,d,d
skygg,s,k,y,g,g
skylt,s,k,y,l,t
skymf,s,k,y,m,f
skymt,s,k,y,m,t
skytt,s,k,y,t,t
skåne,s,k,å,n,e
skåra,s,k,å,r,a
skägg,s,k,ä,g,g
skäll,s,k,ä,l,l
skälm,s,k,ä,l,m
skämd,s,k,ä,m,d
skäms,s,k,ä,m,s
skämt,s,k,ä,m,t
skänk,s,k,ä,n,k
skära,s,k,ä,r,a
skärm,s,k,ä,r,m
skärp,s,k,ä,r,p
sköka,s,k,ö,k,a
sköld,s,k,ö,l,d
skörd,s,k,ö,r,d
skört,s,k,ö,r,t
sköte,s,k,ö,t,e
sladd,s,l,a,d,d
slakt,s,l,a,k,t
slang,s,l,a,n,g
slank,s,l,a,n,k
slant,s,l,a,n,t
slapp,s,l,a,p,p
slarv,s,l,a,r,v
slask,s,l,a,s,k
slejf,s,l,e,j,f
slida,s,l,i,d,a
slint,s,l,i,n,t
slips,s,l,i,p,s
slits,s,l,i,t,s
slogs,s,l,o,g,s
slott,s,l,o,t,t
slump,s,l,u,m,p
slurk,s,l,u,r,k
slusk,s,l,u,s,k
sluss,s,l,u,s,s
slyna,s,l,y,n,a
slåss,s,l,å,s,s
släde,s,l,ä,d,e
släkt,s,l,ä,k,t
släng,s,l,ä,n,g
slänt,s,l,ä,n,t
slätt,s,l,ä,t,t
slöar,s,l,ö,a,r
slöja,s,l,ö,j,a
slöjd,s,l,ö,j,d
smack,s,m,a,c,k
small,s,m,a,l,l
smalt,s,m,a,l,t
smart,s,m,a,r,t
smide,s,m,i,d,e
smink,s,m,i,n,k
smisk,s,m,i,s,k
smitt,s,m,i,t,t
smolk,s,m,o,l,k
smort,s,m,o,r,t
smula,s,m,u,l,a
smuts,s,m,u,t,s
smutt,s,m,u,t,t
smått,s,m,å,t,t
smäll,s,m,ä,l,l
smärt,s,m,ä,r,t
smörj,s,m,ö,r,j
snabb,s,n,a,b,b
snack,s,n,a,c,k
snagg,s,n,a,g,g
snaps,s,n,a,p,s
snara,s,n,a,r,a
snart,s,n,a,r,t
snask,s,n,a,s,k
snibb,s,n,i,b,b
snitt,s,n,i,t,t
snobb,s,n,o,b,b
snodd,s,n,o,d,d
snopp,s,n,o,p,p
snudd,s,n,u,d,d
snurr,s,n,u,r,r
snusk,s,n,u,s,k
snutt,s,n,u,t,t
snuva,s,n,u,v,a
snyft,s,n,y,f,t
snygg,s,n,y,g,g
snäll,s,n,ä,l,l
snäpp,s,n,ä,p,p
snärt,s,n,ä,r,t
snöar,s,n,ö,a,r
snöig,s,n,ö,i,g
snöre,s,n,ö,r,e
soaré,s,o,a,r,é
sober,s,o,b,e,r
socka,s,o,c,k,a
soffa,s,o,f,f,a
solar,s,o,l,a,r
solid,s,o,l,i,d
solig,s,o,l,i,g
sonar,s,o,n,a,r
sopar,s,o,p,a,r
sopor,s,o,p,o,r
soppa,s,o,p,p,a
sorti,s,o,r,t,i
sosse,s,o,s,s,e
sotar,s,o,t,a,r
sotig,s,o,t,i,g
sound,s,o,u,n,d
sover,s,o,v,e,r
spade,s,p,a,d,e
spalt,s,p,a,l,t
spann,s,p,a,n,n
spark,s,p,a,r,k
sparv,s,p,a,r,v
spasm,s,p,a,s,m
spene,s,p,e,n,e
spets,s,p,e,t,s
spett,s,p,e,t,t
spill,s,p,i,l,l
spion,s,p,i,o,n
spira,s,p,i,r,a
spjut,s,p,j,u,t
spole,s,p,o,l,e
sport,s,p,o,r,t
spott,s,p,o,t,t
spray,s,p,r,a,y
spred,s,p,r,e,d
sprej,s,p,r,e,j
sprit,s,p,r,i,t
språk,s,p,r,å,k
spröd,s,p,r,ö,d
spröt,s,p,r,ö,t
spurt,s,p,u,r,t
spång,s,p,å,n,g
spått,s,p,å,t,t
späck,s,p,ä,c,k
spänd,s,p,ä,n,d
spänn,s,p,ä,n,n
spärr,s,p,ä,r,r
spöar,s,p,ö,a,r
spöke,s,p,ö,k,e
stack,s,t,a,c,k
stake,s,t,a,k,e
stall,s,t,a,l,l
stank,s,t,a,n,k
stans,s,t,a,n,s
stare,s,t,a,r,e
stark,s,t,a,r,k
starr,s,t,a,r,r
start,s,t,a,r,t
stass,s,t,a,s,s
staty,s,t,a,t,y
stege,s,t,e,g,e
stepp,s,t,e,p,p
stick,s,t,i,c,k
stift,s,t,i,f,t
still,s,t,i,l,l
sting,s,t,i,n,g
stinn,s,t,i,n,n
stins,s,t,i,n,s
stint,s,t,i,n,t
stjäl,s,t,j,ä,l
stock,s,t,o,c,k
stoff,s,t,o,f,f
stoft,s,t,o,f,t
stolt,s,t,o,l,t
stopp,s,t,o,p,p
stork,s,t,o,r,k
storm,s,t,o,r,m
story,s,t,o,r,y
stram,s,t,r,a,m
strax,s,t,r,a,x
stred,s,t,r,e,d
strid,s,t,r,i,d
strof,s,t,r,o,f
strul,s,t,r,u,l
strut,s,t,r,u,t
stryk,s,t,r,y,k
stråk,s,t,r,å,k
sträv,s,t,r,ä,v
strög,s,t,r,ö,g
strök,s,t,r,ö,k
ström,s,t,r,ö,m
ströp,s,t,r,ö,p
strör,s,t,r,ö,r
stubb,s,t,u,b,b
studs,s,t,u,d,s
stuga,s,t,u,g,a
stump,s,t,u,m,p
stund,s,t,u,n,d
styck,s,t,y,c,k
stygg,s,t,y,g,g
stygn,s,t,y,g,n
styng,s,t,y,n,g
styre,s,t,y,r,e
styvt,s,t,y,v,t
stånd,s,t,å,n,d
stång,s,t,å,n,g
stått,s,t,å,t,t
ställ,s,t,ä,l,l
stänk,s,t,ä,n,k
stöld,s,t,ö,l,d
stört,s,t,ö,r,t
stött,s,t,ö,t,t
succé,s,u,c,c,é
sugen,s,u,g,e,n
suger,s,u,g,e,r
sugga,s,u,g,g,a
sugit,s,u,g,i,t
sulfa,s,u,l,f,a
sulky,s,u,l,k,y
summa,s,u,m,m,a
super,s,u,p,e,r
suput,s,u,p,u,t
surar,s,u,r,a,r
susar,s,u,s,a,r
susen,s,u,s,e,n
svada,s,v,a,d,a
svala,s,v,a,l,a
svale,s,v,a,l,e
svalg,s,v,a,l,g
svall,s,v,a,l,l
svalt,s,v,a,l,t
svamp,s,v,a,m,p
svank,s,v,a,n,k
svans,s,v,a,n,s
svars,s,v,a,r,s
svart,s,v,a,r,t
sveda,s,v,e,d,a
svett,s,v,e,t,t
svikt,s,v,i,k,t
sving,s,v,i,n,g
svinn,s,v,i,n,n
svält,s,v,ä,l,t
sväng,s,v,ä,n,g
svärd,s,v,ä,r,d
svärm,s,v,ä,r,m
syfte,s,y,f,t,e
sylta,s,y,l,t,a
synar,s,y,n,a,r
synes,s,y,n,e,s
synod,s,y,n,o,d
synål,s,y,n,å,l
syren,s,y,r,e,n
syrra,s,y,r,r,a
syrsa,s,y,r,s,a
sådan,s,å,d,a,n
sådär,s,å,d,ä,r
sågar,s,å,g,a,r
sålde,s,å,l,d,e
sårad,s,å,r,a,d
sårar,s,å,r,a,r
sårig,s,å,r,i,g
såsom,s,å,s,o,m
såväl,s,å,v,ä,l
sägen,s,ä,g,e,n
säger,s,ä,g,e,r
säjer,s,ä,j,e,r
säker,s,ä,k,e,r
sälta,s,ä,l,t,a
sämja,s,ä,m,j,a
sämre,s,ä,m,r,e
sämst,s,ä,m,s,t
sänka,s,ä,n,k,a
särar,s,ä,r,a,r
söder,s,ö,d,e,r
södra,s,ö,d,r,a
söker,s,ö,k,e,r
sölar,s,ö,l,a,r
sölig,s,ö,l,i,g
söner,s,ö,n,e,r
sörja,s,ö,r,j,a
sötar,s,ö,t,a,r
sötma,s,ö,t,m,a
söver,s,ö,v,e,r
t o m,t, ,o, ,m
tabbe,t,a,b,b,e
tablå,t,a,b,l,å
tacka,t,a,c,k,a
tagel,t,a,g,e,l
tagen,t,a,g,e,n
tager,t,a,g,e,r
tagit,t,a,g,i,t
talan,t,a,l,a,n
talar,t,a,l,a,r
talja,t,a,l,j,a
tango,t,a,n,g,o
tanig,t,a,n,i,g
tanke,t,a,n,k,e
tapet,t,a,p,e,t
tappt,t,a,p,p,t
tavla,t,a,v,l,a
tefat,t,e,f,a,t
tegel,t,e,g,e,l
telex,t,e,l,e,x
tempo,t,e,m,p,o
tenor,t,e,n,o,r
tenta,t,e,n,t,a
teori,t,e,o,r,i
tiara,t,i,a,r,a
tidig,t,i,d,i,g
tiger,t,i,g,e,r
tilja,t,i,l,j,a
tills,t,i,l,l,s
timer,t,i,m,e,r
timme,t,i,m,m,e
tinar,t,i,n,a,r
tinne,t,i,n,n,e
titel,t,i,t,e,l
tjack,t,j,a,c,k
tjafs,t,j,a,f,s
tjeck,t,j,e,c,k
tjock,t,j,o,c,k
tjugo,t,j,u,g,o
tjäle,t,j,ä,l,e
tjära,t,j,ä,r,a
tjärn,t,j,ä,r,n
tobak,t,o,b,a,k
tokig,t,o,k,i,g
tolva,t,o,l,v,a
tomat,t,o,m,a,t
tomte,t,o,m,t,e
tonar,t,o,n,a,r
tonår,t,o,n,å,r
torka,t,o,r,k,a
torsk,t,o,r,s,k
torso,t,o,r,s,o
torva,t,o,r,v,a
total,t,o,t,a,l
totar,t,o,t,a,r
trakt,t,r,a,k,t
trall,t,r,a,l,l
tramp,t,r,a,m,p
trams,t,r,a,m,s
trana,t,r,a,n,a
trans,t,r,a,n,s
trasa,t,r,a,s,a
trast,t,r,a,s,t
tratt,t,r,a,t,t
trave,t,r,a,v,e
trend,t,r,e,n,d
trick,t,r,i,c,k
trikå,t,r,i,k,å
trind,t,r,i,n,d
tripp,t,r,i,p,p
trist,t,r,i,s,t
trivs,t,r,i,v,s
troll,t,r,o,l,l
tromb,t,r,o,m,b
trosa,t,r,o,s,a
tross,t,r,o,s,s
trots,t,r,o,t,s
truck,t,r,u,c,k
trumf,t,r,u,m,f
trupp,t,r,u,p,p
tryck,t,r,y,c,k
trygg,t,r,y,g,g
tryne,t,r,y,n,e
trång,t,r,å,n,g
träda,t,r,ä,d,a
träff,t,r,ä,f,f
träsk,t,r,ä,s,k
träta,t,r,ä,t,a
trätt,t,r,ä,t,t
tröja,t,r,ö,j,a
tröst,t,r,ö,s,t
trött,t,r,ö,t,t
tugga,t,u,g,g,a
tumme,t,u,m,m,e
tumör,t,u,m,ö,r
tunga,t,u,n,g,a
tunna,t,u,n,n,a
turné,t,u,r,n,é
tusan,t,u,s,a,n
tusch,t,u,s,c,h
tusen,t,u,s,e,n
tutar,t,u,t,a,r
tvang,t,v,a,n,g
tving,t,v,i,n,g
tvist,t,v,i,s,t
tvång,t,v,å,n,g
tvärs,t,v,ä,r,s
tvärt,t,v,ä,r,t
tvätt,t,v,ä,t,t
tycke,t,y,c,k,e
tycks,t,y,c,k,s
tyder,t,y,d,e,r
tyfus,t,y,f,u,s
tygel,t,y,g,e,l
tyken,t,y,k,e,n
tynar,t,y,n,a,r
tyngd,t,y,n,g,d
tyska,t,y,s,k,a
tågar,t,å,g,a,r
tålig,t,å,l,i,g
tåras,t,å,r,a,s
tårta,t,å,r,t,a
täcke,t,ä,c,k,e
tänkt,t,ä,n,k,t
täppa,t,ä,p,p,a
täppt,t,ä,p,p,t
tärna,t,ä,r,n,a
tätar,t,ä,t,a,r
töjer,t,ö,j,e,r
törne,t,ö,r,n,e
törst,t,ö,r,s,t
uggla,u,g,g,l,a
umgås,u,m,g,å,s
undan,u,n,d,a,n
under,u,n,d,e,r
undre,u,n,d,r,e
union,u,n,i,o,n
unken,u,n,k,e,n
unnar,u,n,n,a,r
uppåt,u,p,p,å,t
urtid,u,r,t,i,d
urval,u,r,v,a,l
utbud,u,t,b,u,d
utdöd,u,t,d,ö,d
utför,u,t,f,ö,r
utger,u,t,g,e,r
utgår,u,t,g,å,r
utgör,u,t,g,ö,r
uthus,u,t,h,u,s
uthyr,u,t,h,y,r
utkik,u,t,k,i,k
utmed,u,t,m,e,d
utopi,u,t,o,p,i
utrop,u,t,r,o,p
utser,u,t,s,e,r
uttag,u,t,t,a,g
uttal,u,t,t,a,l
utväg,u,t,v,ä,g
vadar,v,a,d,a,r
vagga,v,a,g,g,a
vajar,v,a,j,a,r
vajer,v,a,j,e,r
vakar,v,a,k,a,r
vaken,v,a,k,e,n
valde,v,a,l,d,e
valla,v,a,l,l,a
valör,v,a,l,ö,r
vande,v,a,n,d,e
vante,v,a,n,t,e
vapen,v,a,p,e,n
varar,v,a,r,a,r
varav,v,a,r,a,v
varit,v,a,r,i,t
varje,v,a,r,j,e
varpå,v,a,r,p,å
varse,v,a,r,s,e
vaxar,v,a,x,a,r
vecka,v,e,c,k,a
velar,v,e,l,a,r
velat,v,e,l,a,t
velig,v,e,l,i,g
vemod,v,e,m,o,d
vetat,v,e,t,a,t
vevar,v,e,v,a,r
video,v,i,d,e,o
viger,v,i,g,e,r
vigör,v,i,g,ö,r
viker,v,i,k,e,r
vilar,v,i,l,a,r
vilde,v,i,l,d,e
vilja,v,i,l,j,a
villa,v,i,l,l,a
ville,v,i,l,l,e
vilse,v,i,l,s,e
viner,v,i,n,e,r
vinge,v,i,n,g,e
vinst,v,i,n,s,t
vinyl,v,i,n,y,l
vippa,v,i,p,p,a
virar,v,i,r,a,r
viril,v,i,r,i,l
virke,v,i,r,k,e
virus,v,i,r,u,s
visar,v,i,s,a,r
visit,v,i,s,i,t
visso,v,i,s,s,o
visst,v,i,s,s,t
visum,v,i,s,u,m
vital,v,i,t,a,l
vivre,v,i,v,r,e
vivör,v,i,v,ö,r
vokal,v,o,k,a,l
volym,v,o,l,y,m
vovve,v,o,v,v,e
vrede,v,r,e,d,e
vrist,v,r,i,s,t
vrång,v,r,å,n,g
vuxen,v,u,x,e,n
vuxit,v,u,x,i,t
vågad,v,å,g,a,d
vågar,v,å,g,a,r
vågig,v,å,g,i,g
vånda,v,å,n,d,a
våran,v,å,r,a,n
våras,v,å,r,a,s
vårta,v,å,r,t,a
väder,v,ä,d,e,r
vädur,v,ä,d,u,r
väger,v,ä,g,e,r
väjer,v,ä,j,e,r
välde,v,ä,l,d,e
välvd,v,ä,l,v,d
vända,v,ä,n,d,a
värde,v,ä,r,d,e
värja,v,ä,r,j,a
värld,v,ä,r,l,d
värme,v,ä,r,m,e
värre,v,ä,r,r,e
värst,v,ä,r,s,t
väsen,v,ä,s,e,n
väser,v,ä,s,e,r
väska,v,ä,s,k,a
väter,v,ä,t,e,r
väver,v,ä,v,e,r
växel,v,ä,x,e,l
växer,v,ä,x,e,r
ymnig,y,m,n,i,g
ympar,y,m,p,a,r
yngel,y,n,g,e,l
yngre,y,n,g,r,e
yngst,y,n,g,s,t
yppar,y,p,p,a,r
yppig,y,p,p,i,g
yrkar,y,r,k,a,r
yrsel,y,r,s,e,l
yster,y,s,t,e,r
ytlig,y,t,l,i,g
ytter,y,t,t,e,r
yttre,y,t,t,r,e
zenit,z,e,n,i,t
åbäke,å,b,ä,k,e
åkeri,å,k,e,r,i
ålder,å,l,d,e,r
ångar,å,n,g,a,r
ånger,å,n,g,e,r
årlig,å,r,l,i,g
årtal,å,r,t,a,l
åsikt,å,s,i,k,t
åskar,å,s,k,a,r
åtrår,å,t,r,å,r
åttio,å,t,t,i,o
äckel,ä,c,k,e,l
ägare,ä,g,a,r,e
ägnar,ä,g,n,a,r
äktar,ä,k,t,a,r
ältar,ä,l,t,a,r
ämnar,ä,m,n,a,r
ängel,ä,n,g,e,l
äpple,ä,p,p,l,e
ärlig,ä,r,l,i,g
ärtig,ä,r,t,i,g
ärver,ä,r,v,e,r
äskar,ä,s,k,a,r
ätbar,ä,t,b,a,r
ätlig,ä,t,l,i,g
ökänd,ö,k,ä,n,d
öland,ö,l,a,n,d
ömkan,ö,m,k,a,n
ömkar,ö,m,k,a,r
ömmar,ö,m,m,a,r
ömsar,ö,m,s,a,r
ömsom,ö,m,s,o,m
öppen,ö,p,p,e,n
örfil,ö,r,f,i,l
öring,ö,r,i,n,g
öster,ö,s,t,e,r
östra,ö,s,t,r,a
övers,ö,v,e,r,s
övrig,ö,v,r,i,g
någon,n,å,g,o,n
svarv,s,v,a,r,v
vurpa,v,u,r,p,a
zebra,z,e,b,r,a
dabba,d,a,b,b,a
